                  epoch,         train/box_loss,         train/cls_loss,         train/dfl_loss,   metrics/precision(B),      metrics/recall(B),       metrics/mAP50(B),    metrics/mAP50-95(B),           val/box_loss,           val/cls_loss,           val/dfl_loss,                 lr/pg0,                 lr/pg1,                 lr/pg2
                      1,                 1.7965,                 2.4666,                 0.8929,                 0.0304,                0.18899,                0.09076,                0.04534,                 1.6805,                 3.1026,                0.85612,             0.00040598,             0.00040598,             0.00040598
                      2,                 1.5759,                 1.2132,                 0.8522,                 0.9694,                0.15929,                0.22508,                0.11103,                 1.6798,                 1.9744,                0.85346,             0.00065976,             0.00065976,             0.00065976
                      3,                 1.5324,                 1.1179,                  0.842,                0.81415,                0.22511,                0.25325,                0.14618,                 1.3849,                 1.2819,                0.84303,             0.00074855,             0.00074855,             0.00074855
                      4,                 1.3998,                 1.0298,                0.83435,                0.76915,                0.26267,                0.27193,                0.16106,                 1.3012,                 1.0325,                0.83074,              0.0005075,              0.0005075,              0.0005075
                      5,                 1.3617,                0.99033,                0.82639,                 0.8298,                0.26455,                0.29471,                0.18078,                  1.235,                0.87975,                0.82711,                0.00026,                0.00026,                0.00026
